Year,Event,Country,Category,Source
1897,Korean Empire Proclaimed,Korea,Political,World Important Dates (Kaggle)
1898,SpanishUnknownAmerican War,USA,War,World Important Dates (Kaggle)
1901,Federation of Australia,Australia,Political,World Important Dates (Kaggle)
1902,Women's Suffrage Achieved,Australia,Political,World Important Dates (Kaggle)
1904,RussoUnknownJapanese War,Japan,War,World Important Dates (Kaggle)
1905,RussoUnknownJapanese War,Russia,War,World Important Dates (Kaggle)
1905,Constitutional Revolution,Iran,Political,World Important Dates (Kaggle)
1906,Constitutional Revolution,Tehran,Political,World Important Dates (Kaggle)
1907,AngloUnknownRussian Agreement,Iran,Policy,World Important Dates (Kaggle)
1910,Treaty of Punakha with British India,Punakha,Policy,World Important Dates (Kaggle)
1910,Treaty of Punakha,Bhutan,Policy,World Important Dates (Kaggle)
1910,Mexican Revolution,Mexico,Political,World Important Dates (Kaggle)
1910,JapanUnknownKorea Annexation Treaty,Japan,Policy,World Important Dates (Kaggle)
1911,Italian Invasion of Libya,Libya,War,World Important Dates (Kaggle)
1911,Xinhai Revolution and the End of Imperial China,China,Political,World Important Dates (Kaggle)
1912,Taisho Democracy,Japan,Political,World Important Dates (Kaggle)
1914,British Occupation of Basra,Basra,War,World Important Dates (Kaggle)
1914,Amalgamation of Northern and Southern Protectorates,Nigeria,Political,World Important Dates (Kaggle)
1915,Anzac Forces Land at Gallipoli,New Zealand,War,World Important Dates (Kaggle)
1915,ANZAC troops land at Gallipoli,Australia,War,World Important Dates (Kaggle)
1917,Battle of Vimy Ridge,Canada,War,World Important Dates (Kaggle)
1917,Alash Autonomy Declaration,Almaty,Political,World Important Dates (Kaggle)
1917,October Revolution,Russia,Political,World Important Dates (Kaggle)
1917,Entry into World War I,USA,War,World Important Dates (Kaggle)
1918,Finnish Civil War,Finland,War,World Important Dates (Kaggle)
1918,Weimar Republic Established,Germany,Political,World Important Dates (Kaggle)
1918,Treaty of BrestUnknownLitovsk,Russia,Policy,World Important Dates (Kaggle)
1919,Jallianwala Bagh Massacre,India,War,World Important Dates (Kaggle)
1920,Prohibition Era Begins,USA,Policy,World Important Dates (Kaggle)
1920,Women's Suffrage (19th Amendment),USA,Policy,World Important Dates (Kaggle)
1920,Bukhara Emirate Overthrown by Bolsheviks,Bukhara,Political,World Important Dates (Kaggle)
1920,NonUnknownCooperation Movement,India,Civil Rights,World Important Dates (Kaggle)
1921,Kronstadt Rebellion,Russia,Political,World Important Dates (Kaggle)
1922,Mussolini's March on Rome,Italy,Political,World Important Dates (Kaggle)
1922,Formation of the USSR,Russia,Political,World Important Dates (Kaggle)
1922,Russian Civil War,Russia,War,World Important Dates (Kaggle)
1926,Balfour Declaration of 1926,Canada,Political,World Important Dates (Kaggle)
1927,Treaty of Jeddah,Saudi Arabia,Policy,World Important Dates (Kaggle)
1927,Founding of the Vietnamese Nationalist Party,Vietnam,Political,World Important Dates (Kaggle)
1928,Creation of the Saudi Riyal,Saudi Arabia,Policy,World Important Dates (Kaggle)
1928,First FiveUnknownYear Plan Initiated,Russia,Policy,World Important Dates (Kaggle)
1929,Signing of the Lateran Treaty,Italy,Policy,World Important Dates (Kaggle)
1929,Collectivization of Agriculture,Russia,Policy,World Important Dates (Kaggle)
1929,Ikhwan Revolt,Saudi Arabia,War,World Important Dates (Kaggle)
1930,Forced Collectivization by Soviets,Kazakhstan,Policy,World Important Dates (Kaggle)
1930,Forced Sedentarization of Nomads,Kazakhstan,Policy,World Important Dates (Kaggle)
1930,Purna Swaraj Declaration,India,Political,World Important Dates (Kaggle)
1930,Dandi March,India,Civil Rights,World Important Dates (Kaggle)
1930,Yên Bái Mutiny,Vietnam,War,World Important Dates (Kaggle)
1930,Vargas Era Begins,Brazil,Political,World Important Dates (Kaggle)
1930,Collectivization in Uzbekistan,Uzbekistan,Policy,World Important Dates (Kaggle)
1931,Statute of Westminster,Canada,Policy,World Important Dates (Kaggle)
1931,Manchurian Incident,Japan,War,World Important Dates (Kaggle)
1931,Women's Franchise Act Passed,Sri Lanka,Policy,World Important Dates (Kaggle)
1931,Japanese Invasion of Manchuria,Japan,War,World Important Dates (Kaggle)
1932,Introduction of First Constitution,Maldives,Policy,World Important Dates (Kaggle)
1932,First Constitution of Maldives,Maldives,Policy,World Important Dates (Kaggle)
1933,Nazi Party's Rise to Power,Germany,Political,World Important Dates (Kaggle)
1934,Treaty of Taif,Saudi Arabia,Policy,World Important Dates (Kaggle)
1934,SaudiUnknownYemeni War,Saudi Arabia,War,World Important Dates (Kaggle)
1935,Labour Party Elected for the First Time,New Zealand,Political,World Important Dates (Kaggle)
1936,Spanish Civil War,Spain,War,World Important Dates (Kaggle)
1937,Marco Polo Bridge Incident,Japan,War,World Important Dates (Kaggle)
1937,Second SinoUnknownJapanese War,Japan,War,World Important Dates (Kaggle)
1937,SinoUnknownJapanese War (Second),China,War,World Important Dates (Kaggle)
1938,Creation of the Welfare State,New Zealand,Policy,World Important Dates (Kaggle)
1938,Stalin's Great Purge,Russia,Political,World Important Dates (Kaggle)
1939,SovietUnknownFinnish Winter War,Russia,War,World Important Dates (Kaggle)
1939,Beginning of World War II,Germany,War,World Important Dates (Kaggle)
1939,Australian Involvement in WWII Begins,Australia,War,World Important Dates (Kaggle)
1939,Winter War,Finland,War,World Important Dates (Kaggle)
1939,New Zealand Expeditionary Force in WWII,New Zealand,War,World Important Dates (Kaggle)
1940,Japanese Occupation of Vietnam,Vietnam,War,World Important Dates (Kaggle)
1940,Battle of Britain,UK,War,World Important Dates (Kaggle)
1940,Lahore Resolution (Pakistan Resolution),Pakistan,Political,World Important Dates (Kaggle)
1940,Italy Enters World War II,Italy,War,World Important Dates (Kaggle)
1941,Nazi Germany Invades the Soviet Union,Russia,War,World Important Dates (Kaggle)
1941,Siege of Leningrad,Russia,War,World Important Dates (Kaggle)
1941,Continuation War,Finland,War,World Important Dates (Kaggle)
1941,Japanese Occupation of Malaya,Malaya,War,World Important Dates (Kaggle)
1941,Attack on Pearl Harbor,USA,War,World Important Dates (Kaggle)
1941,The Holocaust,Germany,War,World Important Dates (Kaggle)
1942,Battle of Singapore,Singapore,War,World Important Dates (Kaggle)
1942,Internment of Japanese Canadians,Canada,Civil Rights,World Important Dates (Kaggle)
1942,Japanese Occupation of Malaya,Malaya,War,World Important Dates (Kaggle)
1942,Japanese Occupation,Malaya,War,World Important Dates (Kaggle)
1942,Battle of Stalingrad,Russia,War,World Important Dates (Kaggle)
1942,Kokoda Trail Campaign,Australia,War,World Important Dates (Kaggle)
1942,Darwin Bombing by Japanese Forces,Australia,War,World Important Dates (Kaggle)
1942,Sook Ching Massacre,Singapore,War,World Important Dates (Kaggle)
1943,Fall of Mussolini,Italy,Political,World Important Dates (Kaggle)
1944,Conscription Crisis of 1944,Canada,Political,World Important Dates (Kaggle)
1944,Lapland War,Finland,War,World Important Dates (Kaggle)
1944,Women Gain the Right to Vote,France,Policy,World Important Dates (Kaggle)
1944,DUnknownDay (Normandy Landings),Germany,War,World Important Dates (Kaggle)
1945,Introduction of Free Education Act,Sri Lanka,Policy,World Important Dates (Kaggle)
1945,US Military Government in South Korea,South Korea,War,World Important Dates (Kaggle)
1945,Surrender of Nazi Germany,Germany,War,World Important Dates (Kaggle)
1945,Soviet Occupation of North Korea,North Korea,War,World Important Dates (Kaggle)
1945,Liberation of Denmark,Denmark,War,World Important Dates (Kaggle)
1945,Liberation of Norway,Norway,War,World Important Dates (Kaggle)
1946,Russia (Soviet Union): Government of Russia (Soviet Union) vs BDPS,Russia (Soviet Union),War,UCDP/PRIO Armed Conflict Dataset v26.1
1946,Russia (Soviet Union): Government of Russia (Soviet Union) vs UPA,Russia (Soviet Union),War,UCDP/PRIO Armed Conflict Dataset v26.1
1946,First Presidency of Juan Domin go Perón,Argentina,Political,World Important Dates (Kaggle)
1946,First Indochina War Begins,Vietnam,War,World Important Dates (Kaggle)
1946,Formation of the United Malays National Organisation,Malaysia,Political,World Important Dates (Kaggle)
1946,Bolivia: Government of Bolivia vs Popular Revolutionary Movement,Bolivia,War,UCDP/PRIO Armed Conflict Dataset v26.1
1946,China: Government of China vs PLA,China,War,UCDP/PRIO Armed Conflict Dataset v26.1
1946,Vietnam (North Vietnam): Government of France vs Viet minh,Vietnam (North Vietnam),War,UCDP/PRIO Armed Conflict Dataset v26.1
1946,Philippines: Government of Philippines vs Huk,Philippines,War,UCDP/PRIO Armed Conflict Dataset v26.1
1946,Greece: Government of Greece vs DSE,Greece,War,UCDP/PRIO Armed Conflict Dataset v26.1
1947,Madagascar (Malagasy): Government of France vs MDRM,Madagascar (Malagasy),War,UCDP/PRIO Armed Conflict Dataset v26.1
1947,First IndoUnknownPak War,Pakistan,War,World Important Dates (Kaggle)
1947,China: Government of China vs Taiwanese insurgents,China,War,UCDP/PRIO Armed Conflict Dataset v26.1
1947,"Paraguay: Government of Paraguay vs Opposition coalition (Febreristas, Liberals and Communists)",Paraguay,War,UCDP/PRIO Armed Conflict Dataset v26.1
1947,Hyderabad: Government of Hyderabad vs CPI,Hyderabad,War,UCDP/PRIO Armed Conflict Dataset v26.1
1947,Indian Independence,India,Political,World Important Dates (Kaggle)
1947,Decolonization Begins,UK,Political,World Important Dates (Kaggle)
1948,India: Government of India vs CPI,India,War,UCDP/PRIO Armed Conflict Dataset v26.1
1948,"Hyderabad, India: Government of Hyderabad vs Government of India","Hyderabad, India",War,UCDP/PRIO Armed Conflict Dataset v26.1
1948,Participation in the ArabUnknownIsraeli War,Saudi Arabia,War,World Important Dates (Kaggle)
1948,"India, Pakistan: Government of India vs Government of Pakistan","India, Pakistan",War,UCDP/PRIO Armed Conflict Dataset v26.1
1948,"Egypt, Iraq, Israel, Jordan, Lebanon, Syria: Government of Egypt, Government of Iraq, Government of Jordan, Government of Lebanon, Government of Syria vs Government of Israel","Egypt, Iraq, Israel, Jordan, Lebanon, Syria",War,UCDP/PRIO Armed Conflict Dataset v26.1
1948,"Myanmar (Burma): Government of Myanmar (Burma) vs CPB, CPB-RF, PVO - ""White Band"" faction",Myanmar (Burma),War,UCDP/PRIO Armed Conflict Dataset v26.1
1948,Yemen (North Yemen): Government of Yemen (North Yemen) vs Opposition coalition,Yemen (North Yemen),War,UCDP/PRIO Armed Conflict Dataset v26.1
1948,Costa Rica: Government of Costa Rica vs National Liberation Army,Costa Rica,War,UCDP/PRIO Armed Conflict Dataset v26.1
1948,Independence from British Rule,Sri Lanka,Political,World Important Dates (Kaggle)
1949,Myanmar (Burma): Government of Myanmar (Burma) vs KNUP,Myanmar (Burma),War,UCDP/PRIO Armed Conflict Dataset v26.1
1949,Australian Citizenship Act,Australia,Policy,World Important Dates (Kaggle)
1949,Founding of the People's Republic of China,China,Political,World Important Dates (Kaggle)
1949,Compulsory Military Training Introduced,New Zealand,Policy,World Important Dates (Kaggle)
1949,Newfoundland Joins Canada,Canada,Political,World Important Dates (Kaggle)
1949,Joining of Newfoundland,Canada,Political,World Important Dates (Kaggle)
1949,Establishment of the People's Republic of China,China,Political,World Important Dates (Kaggle)
1949,"China, Taiwan: Government of China vs Government of Taiwan","China, Taiwan",War,UCDP/PRIO Armed Conflict Dataset v26.1
1949,Foundation of the Federal Republic of Germany (West Germany) and the German Democratic Republic (East Germany),Germany,Political,World Important Dates (Kaggle)
1950,Indonesia: Government of Indonesia vs Republic of South Moluccas,Indonesia,War,UCDP/PRIO Armed Conflict Dataset v26.1
1950,Malaysia: Government of United Kingdom vs CPM,Malaysia,War,UCDP/PRIO Armed Conflict Dataset v26.1
1950,Korean War,North Korea,War,World Important Dates (Kaggle)
1950,Korean War Involvement,Australia,War,World Important Dates (Kaggle)
1950,"North Korea, South Korea: Government of North Korea vs Government of South Korea","North Korea, South Korea",War,UCDP/PRIO Armed Conflict Dataset v26.1
1950,Establishment of the Central Bank of Sri Lanka,Sri Lanka,Policy,World Important Dates (Kaggle)
1951,San Francisco Peace Treaty Signed,Japan,Policy,World Important Dates (Kaggle)
1951,Free Health Policy Implementation,Sri Lanka,Policy,World Important Dates (Kaggle)
1951,First General Elections,India,Political,World Important Dates (Kaggle)
1951,Mossadegh's Premiership and Oil Nationalization,Iran,Policy,World Important Dates (Kaggle)
1952,Egyptian Revolution of 1952,Egypt,Political,World Important Dates (Kaggle)
1953,Indonesia: Government of Indonesia vs Darul Islam,Indonesia,War,UCDP/PRIO Armed Conflict Dataset v26.1
1953,Kenya: Government of United Kingdom vs Mau Mau,Kenya,War,UCDP/PRIO Armed Conflict Dataset v26.1
1953,Death of Joseph Stalin,USSR,Political,World Important Dates (Kaggle)
1953,Sultanate Abolished and Restored,Maldives,Political,World Important Dates (Kaggle)
1954,Battle of Điện Biên Phủ,Vietnam,War,World Important Dates (Kaggle)
1954,Kengir Uprising,Kazakhstan,Political,World Important Dates (Kaggle)
1954,Algerian War of Independence,Algeria,War,World Important Dates (Kaggle)
1954,Geneva Accords,Vietnam,Policy,World Important Dates (Kaggle)
1955,"Algeria: Government of France vs FLN , MNA",Algeria,War,UCDP/PRIO Armed Conflict Dataset v26.1
1955,South Vietnam: Government of South Vietnam vs FNL,South Vietnam,War,UCDP/PRIO Armed Conflict Dataset v26.1
1955,Vietnam War,USA,War,World Important Dates (Kaggle)
1956,"Hungary, Russia (Soviet Union): Government of Hungary vs Government of Russia (Soviet Union)","Hungary, Russia (Soviet Union)",War,UCDP/PRIO Armed Conflict Dataset v26.1
1956,Khrushchev's Secret Speech,USSR,Political,World Important Dates (Kaggle)
1956,Battle of Algiers,Algeria,War,World Important Dates (Kaggle)
1956,China: Government of China vs Tibet,China,War,UCDP/PRIO Armed Conflict Dataset v26.1
1956,First Constitution of Pakistan,Pakistan,Policy,World Important Dates (Kaggle)
1956,"Egypt, France, Israel, United Kingdom: Government of Egypt vs Government of France, Government of Israel, Government of United Kingdom","Egypt, France, Israel, United Kingdom",War,UCDP/PRIO Armed Conflict Dataset v26.1
1956,Sinhala Only Act,Sri Lanka,Policy,World Important Dates (Kaggle)
1957,Signing of the Treaty of Rome,Italy,Policy,World Important Dates (Kaggle)
1958,Great Leap Forward,China,Policy,World Important Dates (Kaggle)
1958,1958 Iraqi Revolution,Iraq,Political,World Important Dates (Kaggle)
1958,Establishment of the Fifth Republic,France,Political,World Important Dates (Kaggle)
1958,14 July Revolution,Iraq,Political,World Important Dates (Kaggle)
1958,Lebanon: Government of Lebanon vs Independent Nasserite Movement,Lebanon,War,UCDP/PRIO Armed Conflict Dataset v26.1
1958,Cuba: Government of Cuba vs M-26-7,Cuba,War,UCDP/PRIO Armed Conflict Dataset v26.1
1959,Laos: Government of Laos vs Pathet Lao,Laos,War,UCDP/PRIO Armed Conflict Dataset v26.1
1960,Income Doubling Plan Announced,Japan,Policy,World Important Dates (Kaggle)
1960,Sharpeville Massacre,South Africa,War,World Important Dates (Kaggle)
1960,Cameroon: Government of Cameroon vs UPC,Cameroon,War,UCDP/PRIO Armed Conflict Dataset v26.1
1960,Indus Water Treaty,Pakistan,Policy,World Important Dates (Kaggle)
1960,April Revolution,South Korea,Political,World Important Dates (Kaggle)
1961,"Angola: Government of Portugal vs FNLA, MPLA",Angola,War,UCDP/PRIO Armed Conflict Dataset v26.1
1961,Iraq: Government of Iraq vs KDP,Iraq,War,UCDP/PRIO Armed Conflict Dataset v26.1
1961,"France, Tunisia: Government of France vs Government of Tunisia","France, Tunisia",War,UCDP/PRIO Armed Conflict Dataset v26.1
1961,Construction of the Berlin Wall,Germany,Political,World Important Dates (Kaggle)
1961,Myanmar (Burma): Government of Myanmar (Burma) vs KIO,Myanmar (Burma),War,UCDP/PRIO Armed Conflict Dataset v26.1
1961,France: Government of France vs OAS,France,War,UCDP/PRIO Armed Conflict Dataset v26.1
1961,May 16 Coup,South Korea,War,World Important Dates (Kaggle)
1962,Australia's Involvement in the Vietnam War,Australia,War,World Important Dates (Kaggle)
1962,SinoUnknownIndian War,India,War,World Important Dates (Kaggle)
1962,Vietnam War Involvement,Australia,War,World Important Dates (Kaggle)
1962,"China, India: Government of China vs Government of India","China, India",War,UCDP/PRIO Armed Conflict Dataset v26.1
1963,"Iraq: Government of Iraq vs Military faction (forces of Abd as-Salam Arif), NCRC",Iraq,War,UCDP/PRIO Armed Conflict Dataset v26.1
1963,Sudan: Government of Sudan vs SSLM,Sudan,War,UCDP/PRIO Armed Conflict Dataset v26.1
1963,Assassination of President John F. Kennedy,USA,Political,World Important Dates (Kaggle)
1963,March on Washington for Jobs and Freedom,USA,Civil Rights,World Important Dates (Kaggle)
1964,DR Congo (Zaire): Government of DR Congo (Zaire) vs CNL,DR Congo (Zaire),War,UCDP/PRIO Armed Conflict Dataset v26.1
1964,Military Coup,Brazil,War,World Important Dates (Kaggle)
1964,Gulf of Tonkin Incident,Vietnam,War,World Important Dates (Kaggle)
1964,Myanmar (Burma): Government of Myanmar (Burma) vs SSA,Myanmar (Burma),War,UCDP/PRIO Armed Conflict Dataset v26.1
1964,Civil Rights Act of 1964,USA,Policy,World Important Dates (Kaggle)
1965,"South Vietnam, Vietnam (North Vietnam): Government of South Vietnam vs Government of Vietnam (North Vietnam)","South Vietnam, Vietnam (North Vietnam)",War,UCDP/PRIO Armed Conflict Dataset v26.1
1967,Cambodia (Kampuchea): Government of Cambodia (Kampuchea) vs KR,Cambodia (Kampuchea),War,UCDP/PRIO Armed Conflict Dataset v26.1
1967,"Egypt, Israel: Government of Egypt vs Government of Israel","Egypt, Israel",War,UCDP/PRIO Armed Conflict Dataset v26.1
1967,Nigeria: Government of Nigeria vs Republic of Biafra,Nigeria,War,UCDP/PRIO Armed Conflict Dataset v26.1
1967,"Israel, Jordan: Government of Israel vs Government of Jordan","Israel, Jordan",War,UCDP/PRIO Armed Conflict Dataset v26.1
1967,Nigerian Civil War,Nigeria,War,World Important Dates (Kaggle)
1967,"Israel, Syria: Government of Israel vs Government of Syria","Israel, Syria",War,UCDP/PRIO Armed Conflict Dataset v26.1
1967,National Service Introduced,Singapore,Policy,World Important Dates (Kaggle)
1968,Tết Offensive,Vietnam,War,World Important Dates (Kaggle)
1968,The Prague Spring and its Suppression,USSR,War,World Important Dates (Kaggle)
1968,May 1968 Protests,France,Civil Rights,World Important Dates (Kaggle)
1968,May 1968 Student Protests,France,Civil Rights,World Important Dates (Kaggle)
1969,Official Languages Act,Canada,Policy,World Important Dates (Kaggle)
1969,Stonewall Riots,USA,Civil Rights,World Important Dates (Kaggle)
1969,"El Salvador, Honduras: Government of El Salvador vs Government of Honduras","El Salvador, Honduras",War,UCDP/PRIO Armed Conflict Dataset v26.1
1969,Libyan Revolution (1969),Libya,Political,World Important Dates (Kaggle)
1970,Economic Development,Singapore,Policy,World Important Dates (Kaggle)
1971,IndoUnknownPakistani War of 1971,India,War,World Important Dates (Kaggle)
1971,New Economic Policy Introduced,Malaysia,Policy,World Important Dates (Kaggle)
1971,East Pakistan demands autonomy,Pakistan,Political,World Important Dates (Kaggle)
1971,Sri Lanka: Government of Sri Lanka vs JVP,Sri Lanka,War,UCDP/PRIO Armed Conflict Dataset v26.1
1971,Pakistan: Government of Pakistan vs Mukti Bahini,Pakistan,War,UCDP/PRIO Armed Conflict Dataset v26.1
1972,Watergate Scandal,USA,Political,World Important Dates (Kaggle)
1972,JapanUnknownChina Joint Communiqué,Japan,Policy,World Important Dates (Kaggle)
1972,Nationalization in Pakistan,Pakistan,Policy,World Important Dates (Kaggle)
1972,Mozambique: Government of Portugal vs Frelimo,Mozambique,War,UCDP/PRIO Armed Conflict Dataset v26.1
1972,Republican Constitution of 1972,Sri Lanka,Policy,World Important Dates (Kaggle)
1972,Gross National Happiness Introduced,Bhutan,Policy,World Important Dates (Kaggle)
1972,Bloody Sunday in Northern Ireland,UK,Civil Rights,World Important Dates (Kaggle)
1973,Paris Peace Accords,Vietnam,Policy,World Important Dates (Kaggle)
1974,Ethiopian Revolution,Ethiopia,Political,World Important Dates (Kaggle)
1974,"Cyprus, Turkey: Government of Cyprus vs Government of Turkey","Cyprus, Turkey",War,UCDP/PRIO Armed Conflict Dataset v26.1
1974,Pakistan: Government of Pakistan vs BLF,Pakistan,War,UCDP/PRIO Armed Conflict Dataset v26.1
1974,Laju Ferry Hijacking,Singapore,Terrorism,World Important Dates (Kaggle)
1975,Emergency Declared by Indira Gandhi,India,Political,World Important Dates (Kaggle)
1975,Transition to Democracy,Spain,Political,World Important Dates (Kaggle)
1975,"Angola: Government of Angola vs FNLA, UNITA",Angola,War,UCDP/PRIO Armed Conflict Dataset v26.1
1975,Spanish Transition to Democracy,Spain,Political,World Important Dates (Kaggle)
1975,Auckland Harbour Bridge Protests,New Zealand,Civil Rights,World Important Dates (Kaggle)
1975,Whitlam Government Dismissal,Australia,Political,World Important Dates (Kaggle)
1975,"Ethiopia: Government of Ethiopia vs ELF, EPLF",Ethiopia,War,UCDP/PRIO Armed Conflict Dataset v26.1
1975,Indonesia: Government of Indonesia vs CNRT,Indonesia,War,UCDP/PRIO Armed Conflict Dataset v26.1
1975,Introduction of the Universal Health Care System,Australia,Policy,World Important Dates (Kaggle)
1975,Whitlam Government's Dismissal,Australia,Political,World Important Dates (Kaggle)
1976,"Zimbabwe (Rhodesia): Government of Zimbabwe (Rhodesia) vs PF, ZANU",Zimbabwe (Rhodesia),War,UCDP/PRIO Armed Conflict Dataset v26.1
1976,Reunification of Vietnam,Vietnam,Political,World Important Dates (Kaggle)
1976,"Ethiopia: Government of Ethiopia vs EPRP, TPLF",Ethiopia,War,UCDP/PRIO Armed Conflict Dataset v26.1
1976,Indonesia: Government of Indonesia vs OPM,Indonesia,War,UCDP/PRIO Armed Conflict Dataset v26.1
1976,The Dirty War,Argentina,Political,World Important Dates (Kaggle)
1977,"Ethiopia, Somalia: Government of Ethiopia vs Government of Somalia","Ethiopia, Somalia",War,UCDP/PRIO Armed Conflict Dataset v26.1
1977,Ethiopia: Government of Ethiopia vs WSLF,Ethiopia,War,UCDP/PRIO Armed Conflict Dataset v26.1
1978,Chad: Government of Chad vs FAP,Chad,War,UCDP/PRIO Armed Conflict Dataset v26.1
1978,Aldo Moro Kidnapping and Murder,Italy,Terrorism,World Important Dates (Kaggle)
1978,Spanish Constitution of 1978,Spain,Political,World Important Dates (Kaggle)
1978,South Africa: Government of South Africa vs SWAPO,South Africa,War,UCDP/PRIO Armed Conflict Dataset v26.1
1978,Nicaragua: Government of Nicaragua vs FSLN,Nicaragua,War,UCDP/PRIO Armed Conflict Dataset v26.1
1978,Philippines: Government of Philippines vs MNLF,Philippines,War,UCDP/PRIO Armed Conflict Dataset v26.1
1978,First Executive President Elected,Sri Lanka,Political,World Important Dates (Kaggle)
1978,Economic Reform and OpeningUnknownup Policy Initiated,China,Policy,World Important Dates (Kaggle)
1978,Afghanistan: Government of Afghanistan vs PDPA,Afghanistan,War,UCDP/PRIO Armed Conflict Dataset v26.1
1979,1979 Iranian Revolution,Iran,Political,World Important Dates (Kaggle)
1979,Morocco: Government of Morocco vs POLISARIO,Morocco,War,UCDP/PRIO Armed Conflict Dataset v26.1
1979,SovietUnknownAfghan War,USSR,War,World Important Dates (Kaggle)
1979,Iran: Government of Iran vs KDPI,Iran,War,UCDP/PRIO Armed Conflict Dataset v26.1
1979,"China, Vietnam (North Vietnam): Government of China vs Government of Vietnam (North Vietnam)","China, Vietnam (North Vietnam)",War,UCDP/PRIO Armed Conflict Dataset v26.1
1980,"Iran, Iraq: Government of Iran vs Government of Iraq","Iran, Iraq",War,UCDP/PRIO Armed Conflict Dataset v26.1
1980,IranUnknownIraq War and Saudi Involvement,Saudi Arabia,War,World Important Dates (Kaggle)
1980,IranUnknownIraq War,Iraq,War,World Important Dates (Kaggle)
1980,Gwangju Uprising,South Korea,Political,World Important Dates (Kaggle)
1981,Iran: Government of Iran vs MEK,Iran,War,UCDP/PRIO Armed Conflict Dataset v26.1
1981,Abolition of Slavery,Mauritania,Policy,World Important Dates (Kaggle)
1981,Abolition of Slavery Enforced,Mauritania,Policy,World Important Dates (Kaggle)
1981,Mozambique: Government of Mozambique vs Renamo,Mozambique,War,UCDP/PRIO Armed Conflict Dataset v26.1
1981,Ethiopia: Government of Ethiopia vs SLM,Ethiopia,War,UCDP/PRIO Armed Conflict Dataset v26.1
1981,"Uganda: Government of Uganda vs FUNA, NRA, UNRF",Uganda,War,UCDP/PRIO Armed Conflict Dataset v26.1
1981,El Salvador: Government of El Salvador vs FMLN,El Salvador,War,UCDP/PRIO Armed Conflict Dataset v26.1
1981,Ethiopia: Government of Ethiopia vs OLF,Ethiopia,War,UCDP/PRIO Armed Conflict Dataset v26.1
1982,Falklands War,UK,War,World Important Dates (Kaggle)
1982,Patriation of the Canadian Constitution,Canada,Policy,World Important Dates (Kaggle)
1982,"Israel: Government of Israel vs PLO, Rejectionist Front",Israel,War,UCDP/PRIO Armed Conflict Dataset v26.1
1982,Syria: Government of Syria vs Muslim Brotherhood,Syria,War,UCDP/PRIO Armed Conflict Dataset v26.1
1982,Canada Act 1982 (Patriation of the Constitution),Canada,Policy,World Important Dates (Kaggle)
1983,Return to Democracy,Argentina,Political,World Important Dates (Kaggle)
1983,Sudan: Government of Sudan vs SPLM/A,Sudan,War,UCDP/PRIO Armed Conflict Dataset v26.1
1983,Peru: Government of Peru vs Sendero Luminoso,Peru,War,UCDP/PRIO Armed Conflict Dataset v26.1
1983,1983 Black July Riots,Sri Lanka,War,World Important Dates (Kaggle)
1983,August Revolution,Burkina Faso,Political,World Important Dates (Kaggle)
1984,Rogernomics Initiatives Begin,New Zealand,Policy,World Important Dates (Kaggle)
1984,Operation Blue Star,India,War,World Important Dates (Kaggle)
1984,Siachen Glacier Conflict,Pakistan,War,World Important Dates (Kaggle)
1984,Direct Elections Now Campaign,Brazil,Political,World Important Dates (Kaggle)
1985,"Colombia: Government of Colombia vs ELN, FARC, M-19",Colombia,War,UCDP/PRIO Armed Conflict Dataset v26.1
1986,Homosexual Law Reform Act,New Zealand,Policy,World Important Dates (Kaggle)
1986,Decriminalization of Homosexuality,New Zealand,Policy,World Important Dates (Kaggle)
1986,South Yemen: Government of South Yemen vs YSP - AFI,South Yemen,War,UCDP/PRIO Armed Conflict Dataset v26.1
1987,1987 New Zealand Constitution Act,New Zealand,Policy,World Important Dates (Kaggle)
1987,1987 IndoUnknownSri Lanka Accord,Sri Lanka,Policy,World Important Dates (Kaggle)
1987,"Chad, Libya: Government of Chad vs Government of Libya","Chad, Libya",War,UCDP/PRIO Armed Conflict Dataset v26.1
1987,Sri Lanka: Government of Sri Lanka vs LTTE,Sri Lanka,War,UCDP/PRIO Armed Conflict Dataset v26.1
1987,AntiUnknownNuclear Legislation Enacted,New Zealand,Policy,World Important Dates (Kaggle)
1988,India: Government of India vs Sikh insurgents,India,War,UCDP/PRIO Armed Conflict Dataset v26.1
1988,Somalia: Government of Somalia vs SNM,Somalia,War,UCDP/PRIO Armed Conflict Dataset v26.1
1989,The Berlin Wall Falls,Germany,Political,World Important Dates (Kaggle)
1989,Fall of the Berlin Wall,USSR,Political,World Important Dates (Kaggle)
1989,Tiananmen Square Protests,China,Political,World Important Dates (Kaggle)
1990,German Reunification,Germany,Political,World Important Dates (Kaggle)
1990,Nelson Mandela's Release from Prison,South Africa,Political,World Important Dates (Kaggle)
1990,Treaty on the Final Settlement with Respect to Germany,Germany,Political,World Important Dates (Kaggle)
1990,Rwanda: Government of Rwanda vs FPR,Rwanda,War,UCDP/PRIO Armed Conflict Dataset v26.1
1990,First Gulf War,Saudi Arabia,War,World Important Dates (Kaggle)
1990,"Iraq, Kuwait: Government of Iraq vs Government of Kuwait","Iraq, Kuwait",War,UCDP/PRIO Armed Conflict Dataset v26.1
1991,Gulf War,"Kuwait, Iraq",War,World Important Dates (Kaggle)
1991,Somali Civil War Begins,Somalia,War,World Important Dates (Kaggle)
1991,Movement for Multiparty Democracy,Zambia,Political,World Important Dates (Kaggle)
1991,Economic Reforms and Liberalization,India,Policy,World Important Dates (Kaggle)
1991,Elected Presidency Introduced,Singapore,Political,World Important Dates (Kaggle)
1991,Boris Yeltsin Elected as First President of Russia,Russia,Political,World Important Dates (Kaggle)
1991,Dissolution of the Soviet Union,USSR,Political,World Important Dates (Kaggle)
1991,"Serbia (Yugoslavia): Government of Serbia (Yugoslavia) vs Croatian irregulars, Republic of Croatia",Serbia (Yugoslavia),War,UCDP/PRIO Armed Conflict Dataset v26.1
1992,Fernando Collor's Impeachment,Brazil,Political,World Important Dates (Kaggle)
1992,"Croatia: Government of Croatia vs Serbian irregulars, Serbian Republic of Krajina",Croatia,War,UCDP/PRIO Armed Conflict Dataset v26.1
1992,"Tajikistan: Government of Tajikistan vs PFT, UTO",Tajikistan,War,UCDP/PRIO Armed Conflict Dataset v26.1
1992,Mozambique Civil War Ends,Mozambique,Policy,World Important Dates (Kaggle)
1992,Azerbaijan: Government of Azerbaijan vs Republic of Artsakh,Azerbaijan,War,UCDP/PRIO Armed Conflict Dataset v26.1
1992,Turkey: Government of Turkey vs PKK,Turkey,War,UCDP/PRIO Armed Conflict Dataset v26.1
1992,Establishment of the European,Germany,Political,World Important Dates (Kaggle)
1992,"Bosnia-Herzegovina: Government of Bosnia-Herzegovina vs Serbian irregulars, Serbian Republic of Bosnia-Herzegovina",Bosnia-Herzegovina,War,UCDP/PRIO Armed Conflict Dataset v26.1
1992,Charlottetown Accord Referendum,Canada,Political,World Important Dates (Kaggle)
1993,"Bosnia-Herzegovina: Government of Bosnia-Herzegovina vs Croatian irregulars, Croatian Republic of Bosnia-Herzegovina",Bosnia-Herzegovina,War,UCDP/PRIO Armed Conflict Dataset v26.1
1993,Signing of Arusha Accords,Rwanda,Policy,World Important Dates (Kaggle)
1993,Georgia: Government of Georgia vs Republic of Abkhazia,Georgia,War,UCDP/PRIO Armed Conflict Dataset v26.1
1993,Constitutional Crisis in Russia,Russia,Political,World Important Dates (Kaggle)
1994,Rwandan Genocide,Rwanda,War,World Important Dates (Kaggle)
1994,Yemen (North Yemen): Government of Yemen (North Yemen) vs Democratic Republic of Yemen,Yemen (North Yemen),War,UCDP/PRIO Armed Conflict Dataset v26.1
1994,Bosnia-Herzegovina: Government of Bosnia-Herzegovina vs Autonomous Province of Western Bosnia,Bosnia-Herzegovina,War,UCDP/PRIO Armed Conflict Dataset v26.1
1994,"Algeria: Government of Algeria vs AIS, GIA",Algeria,War,UCDP/PRIO Armed Conflict Dataset v26.1
1994,Berlusconi Elected Prime Minister,Italy,Political,World Important Dates (Kaggle)
1994,Kim IlUnknownsung’s Death,North Korea,Political,World Important Dates (Kaggle)
1995,Oklahoma City Bombing,USA,Terrorism,World Important Dates (Kaggle)
1995,FHC Presidency (Fernando Henrique Cardoso),Brazil,Political,World Important Dates (Kaggle)
1995,Sierra Leone: Government of Sierra Leone vs RUF,Sierra Leone,War,UCDP/PRIO Armed Conflict Dataset v26.1
1995,Russia (Soviet Union): Government of Russia (Soviet Union) vs Chechen Republic of Ichkeria,Russia (Soviet Union),War,UCDP/PRIO Armed Conflict Dataset v26.1
1995,Aum Shinrikyo Tokyo Subway Sarin Attack,Japan,Terrorism,World Important Dates (Kaggle)
1995,Quebec Referendum on Sovereignty,Canada,Political,World Important Dates (Kaggle)
1997,Scottish Devolution Referendum,UK,Political,World Important Dates (Kaggle)
1997,"Burundi: Government of Burundi vs CNDD, Frolina, Palipehutu-FNL",Burundi,War,UCDP/PRIO Armed Conflict Dataset v26.1
1997,"Congo: Government of Congo vs Cobras, Cocoyes",Congo,War,UCDP/PRIO Armed Conflict Dataset v26.1
1997,Kyoto Protocol on Climate Change,Japan,Policy,World Important Dates (Kaggle)
1997,Handover of Hong Kong,China,Policy,World Important Dates (Kaggle)
1998,New Zealand Signs Kyoto Protocol,New Zealand,Policy,World Important Dates (Kaggle)
1998,Serbia (Yugoslavia): Government of Serbia (Yugoslavia) vs UCK,Serbia (Yugoslavia),War,UCDP/PRIO Armed Conflict Dataset v26.1
1998,"Eritrea, Ethiopia: Government of Eritrea vs Government of Ethiopia","Eritrea, Ethiopia",War,UCDP/PRIO Armed Conflict Dataset v26.1
1999,Kandahar Hijacking (IC 814),India,Terrorism,World Important Dates (Kaggle)
1999,Kargil War,India,War,World Important Dates (Kaggle)
1999,Establishment of Nunavut,Canada,Political,World Important Dates (Kaggle)
1999,Kargil Conflict,Pakistan,War,World Important Dates (Kaggle)
2000,AntiUnknownterrorism Pact,Spain,Political,World Important Dates (Kaggle)
2000,Introduction of Goods and Services Tax (GST),Australia,Policy,World Important Dates (Kaggle)
2000,India: Government of India vs Kashmir insurgents,India,War,UCDP/PRIO Armed Conflict Dataset v26.1
2000,Putin's First Presidential Term,Russia,Political,World Important Dates (Kaggle)
2001,Enactment of the Patriot Act,USA,Policy,World Important Dates (Kaggle)
2001,United States of America: Government of United States of America vs al-Qaida ,United States of America,War,UCDP/PRIO Armed Conflict Dataset v26.1
2001,"Afghanistan, United Kingdom, United States of America: Government of Afghanistan vs Government of United Kingdom, Government of United States of America","Afghanistan, United Kingdom, United States of America",War,UCDP/PRIO Armed Conflict Dataset v26.1
2001,September 11 Attacks,USA,Terrorism,World Important Dates (Kaggle)
2001,Cacerolazo Protests,Argentina,Civil Rights,World Important Dates (Kaggle)
2001,2001 Indian Parliament Attack,India,Terrorism,World Important Dates (Kaggle)
2002,Algerian Civil War Ends,Algeria,Policy,World Important Dates (Kaggle)
2002,Nepal: Government of Nepal vs CPN-M,Nepal,War,UCDP/PRIO Armed Conflict Dataset v26.1
2002,End of Sierra Leone Civil War,Sierra Leone,Policy,World Important Dates (Kaggle)
2002,Moscow Theater Hostage Crisis,Russia,Terrorism,World Important Dates (Kaggle)
2003,Riyadh Compound Bombings,Saudi Arabia,Terrorism,World Important Dates (Kaggle)
2003,"Liberia: Government of Liberia vs LURD, MODEL",Liberia,War,UCDP/PRIO Armed Conflict Dataset v26.1
2003,Lula da Silva's Presidency,Brazil,Political,World Important Dates (Kaggle)
2003,"Australia, Iraq, United Kingdom, United States of America: Government of Australia, Government of United Kingdom, Government of United States of America vs Government of Iraq","Australia, Iraq, United Kingdom, United States of America",War,UCDP/PRIO Armed Conflict Dataset v26.1
2004,2004 Madrid Train Bombings,Spain,Terrorism,World Important Dates (Kaggle)
2004,Impeachment of President Roh MooUnknownhyun,South Korea,Political,World Important Dates (Kaggle)
2004,Beslan School Siege,Russia,Terrorism,World Important Dates (Kaggle)
2005,Right to Information Act Enacted,India,Policy,World Important Dates (Kaggle)
2005,Mensalão Scandal,Brazil,Political,World Important Dates (Kaggle)
2005,London Underground Bombings,UK,Terrorism,World Important Dates (Kaggle)
2005,Legalization of SameUnknownSex Marriage,Canada,Policy,World Important Dates (Kaggle)
2005,Comprehensive Peace Agreement,Sudan,Policy,World Important Dates (Kaggle)
2005,Approval of SameUnknownSex Marriage,Spain,Policy,World Important Dates (Kaggle)
2005,AntiUnknownSecession Law Passed,China,Policy,World Important Dates (Kaggle)
2005,Introduction of a Multiparty System,Maldives,Political,World Important Dates (Kaggle)
2006,Women's Protection Bill,Pakistan,Policy,World Important Dates (Kaggle)
2006,Protection of Women Act,Pakistan,Policy,World Important Dates (Kaggle)
2006,Israel: Government of Israel vs Hezbollah,Israel,War,UCDP/PRIO Armed Conflict Dataset v26.1
2007,Law of Historical Memory,Spain,Policy,World Important Dates (Kaggle)
2007,Assassination of Benazir Bhutto,Pakistan,Political,World Important Dates (Kaggle)
2008,Apology to Australia's Indigenous Peoples,Australia,Political,World Important Dates (Kaggle)
2008,Apology to the Stolen Generations,Australia,Political,World Important Dates (Kaggle)
2008,Pakistan: Government of Pakistan vs TTP,Pakistan,War,UCDP/PRIO Armed Conflict Dataset v26.1
2008,Apology to Residential School Survivors,Canada,Civil Rights,World Important Dates (Kaggle)
2008,Mumbai Terror Attacks,India,Terrorism,World Important Dates (Kaggle)
2009,Boko Haram Insurgency Intensifies,Nigeria,War,World Important Dates (Kaggle)
2009,Right to Education Act,India,Policy,World Important Dates (Kaggle)
2009,End of the Civil War,Sri Lanka,War,World Important Dates (Kaggle)
2009,Green Movement,Iran,Political,World Important Dates (Kaggle)
2010,Austerity Measures During Crisis,Spain,Policy,World Important Dates (Kaggle)
2010,SameUnknownSex Marriage Law,Argentina,Policy,World Important Dates (Kaggle)
2010,Tunisian Revolution,Tunisia,Political,World Important Dates (Kaggle)
2011,Fall of Gaddafi,Libya,Political,World Important Dates (Kaggle)
2011,Libyan Civil War,Libya,War,World Important Dates (Kaggle)
2011,"Libya: Government of Libya vs Forces of Muammar Gaddafi, NTC",Libya,War,UCDP/PRIO Armed Conflict Dataset v26.1
2011,Egyptian Revolution of 2011,Egypt,Political,World Important Dates (Kaggle)
2011,Joseph Kony Insurgency Declines,Uganda,War,World Important Dates (Kaggle)
2012,Seleka Rebellion Begins,Central African Republic,War,World Important Dates (Kaggle)
2012,Kim JongUnknownun Assumes Power,North Korea,Political,World Important Dates (Kaggle)
2012,Coup d'état,Mali,Political,World Important Dates (Kaggle)
2013,Syria: Government of Syria vs IS,Syria,War,UCDP/PRIO Armed Conflict Dataset v26.1
2013,Xi Jinping Assumes Presidency,China,Political,World Important Dates (Kaggle)
2013,Nigeria: Government of Nigeria vs JAS,Nigeria,War,UCDP/PRIO Armed Conflict Dataset v26.1
2013,Black Lives Matter Movement,USA,Civil Rights,World Important Dates (Kaggle)
2013,SameUnknownSex Marriage Legalized,France,Policy,World Important Dates (Kaggle)
2014,Ukraine: Government of Ukraine vs DPR,Ukraine,War,UCDP/PRIO Armed Conflict Dataset v26.1
2014,South Sudan: Government of South Sudan vs SPLM/A - IO,South Sudan,War,UCDP/PRIO Armed Conflict Dataset v26.1
2014,Ukraine: Government of Ukraine vs United Armed Forces of Novorossiya,Ukraine,War,UCDP/PRIO Armed Conflict Dataset v26.1
2014,Ukraine: Government of Ukraine vs LPR,Ukraine,War,UCDP/PRIO Armed Conflict Dataset v26.1
2014,Operation ZarbUnknowneUnknownAzb,Pakistan,War,World Important Dates (Kaggle)
2014,2014 Peshawar School Massacre,Pakistan,Terrorism,World Important Dates (Kaggle)
2014,ISIS Captures Mosul,Mosul,War,World Important Dates (Kaggle)
2014,SameUnknownSex Marriage Legalized,UK,Policy,World Important Dates (Kaggle)
2014,Fall of Blaise Compaoré,Burkina Faso,Political,World Important Dates (Kaggle)
2014,Scottish Independence Referendum,UK,Political,World Important Dates (Kaggle)
2015,SameUnknownSex Marriage Legalization,USA,Policy,World Important Dates (Kaggle)
2015,Murdered and Missing Indigenous Women Inquiry,Canada,Civil Rights,World Important Dates (Kaggle)
2015,JapanUnknownKorea Comfort Women Agreement,Japan,Policy,World Important Dates (Kaggle)
2015,Nigeria: Government of Nigeria vs IS,Nigeria,War,UCDP/PRIO Armed Conflict Dataset v26.1
2015,Saudi Intervention in Yemen,Saudi Arabia,War,World Important Dates (Kaggle)
2015,Intervention in the Syrian Civil War,Russia,War,World Important Dates (Kaggle)
2015,Made in China 2025 Initiative Announced,China,Policy,World Important Dates (Kaggle)
2016,Release of Political Prisoners,Uzbekistan,Civil Rights,World Important Dates (Kaggle)
2016,Theresa May becomes Prime Minister,UK,Political,World Important Dates (Kaggle)
2016,Libya: Government of Libya vs IS,Libya,War,UCDP/PRIO Armed Conflict Dataset v26.1
2016,Turkey: Government of Turkey vs IS,Turkey,War,UCDP/PRIO Armed Conflict Dataset v26.1
2016,2016 Uri Attack and Subsequent Surgical Strikes,India,War,World Important Dates (Kaggle)
2016,India's Demonetisation Campaign,India,Policy,World Important Dates (Kaggle)
2016,Dilma Rousseff's Impeachment,Brazil,Political,World Important Dates (Kaggle)
2016,Afghanistan: Government of Afghanistan vs IS,Afghanistan,War,UCDP/PRIO Armed Conflict Dataset v26.1
2016,Brexit Referendum,UK,Political,World Important Dates (Kaggle)
2016,Death of Islam Karimov,Uzbekistan,Political,World Important Dates (Kaggle)
